username,token,hour
as,5befd912-db06-44d4-a3a1-c17a01e7746a,15:11:30.763577649
hh,dc86c339-1bf0-44b7-bca2-3c01e8a67592,08:51:29.220851
jj,143c2219-b802-4d06-a375-4c2d456d978b,08:51:49.338946
asghv,660dc432-2cf4-4f6a-a952-0ca4fcc831ad,22:19:40.419028651
asgl,48a0a279-841a-45cb-b93b-3b0434767fc4,22:19:43.939654090
h,7a4b600b-e63a-4e4e-b0ff-70001f2a4400,17:37:14.048057
ad,cb9ed23b-9a1f-42cd-95b9-6a1e58a0a073,17:37:15.215112
