username,token,hour
as,5befd912-db06-44d4-a3a1-c17a01e7746a,15:11:30.763577649
hh,dc86c339-1bf0-44b7-bca2-3c01e8a67592,08:51:29.220851
jj,143c2219-b802-4d06-a375-4c2d456d978b,08:51:49.338946
h,cc2e3b28-f09e-4251-9506-e86357e1630c,10:16:03.466575
ad,5531c0c2-d968-4f9d-897d-8986350c23fd,10:16:04.631097
