username,token,hour
as,5befd912-db06-44d4-a3a1-c17a01e7746a,15:11:30.763577649
hh,dc86c339-1bf0-44b7-bca2-3c01e8a67592,08:51:29.220851
jj,143c2219-b802-4d06-a375-4c2d456d978b,08:51:49.338946
h,7a4b600b-e63a-4e4e-b0ff-70001f2a4400,17:37:14.048057
ad,cb9ed23b-9a1f-42cd-95b9-6a1e58a0a073,17:37:15.215112
asgl,bbdcbe2b-407c-42f1-bc9d-936ed09668ac,19:55:30.648547922
asghv,3d7c7243-2b31-4dcd-9163-c3369f7bd3cb,19:55:33.073389745
