username,token,hour
as,5befd912-db06-44d4-a3a1-c17a01e7746a,15:11:30.763577649
hh,dc86c339-1bf0-44b7-bca2-3c01e8a67592,08:51:29.220851
ad,28ff6de8-e4ee-4492-97e3-1dfaeaa3c26e,22:08:59.267961
h,d44d4f36-79a4-4e2a-ae7d-08a7908cee9b,22:09:00.645566
jj,a895a6e9-3bbf-4012-93a9-04af45df105e,22:09:01.768285
cc,1001d4a4-a5e1-45f3-8aba-234049d81c40,22:09:10.649151
asgl,afd953c9-8faa-418a-9f74-b159a00b7f2a,23:34:12.438689714
asghv,a5d28294-6ff0-46a4-b500-99c42b54e736,23:34:16.988012529
