username,token,hour
hh,9043a4f3-6f40-4e0e-8383-2eb11b3687ea,10:29:54.562287
jj,8e0ed64e-95f0-42cb-99bf-65bd6074cc04,12:05:04.053324
h,3a1436a5-cce5-4fcb-b8c2-fa2c18d2f5d4,12:23:07.252340
