username,token,hour
as,5befd912-db06-44d4-a3a1-c17a01e7746a,15:11:30.763577649
hh,dc86c339-1bf0-44b7-bca2-3c01e8a67592,08:51:29.220851
asgl,afd953c9-8faa-418a-9f74-b159a00b7f2a,23:34:12.438689714
asghv,a5d28294-6ff0-46a4-b500-99c42b54e736,23:34:16.988012529
ad,775c14e0-4998-4ffe-8b2c-184f5b3cd71e,23:44:33.521536
h,88a8cbd1-546a-42e9-9c5a-2243911ac105,23:44:42.781995
cc,5c5482e5-f15a-453e-88e4-792527d0e699,23:44:50.983942
jj,726605a4-85eb-46fe-aa8d-2a8c8f8fe0aa,23:44:59.181887
