username,token,hour
as,5befd912-db06-44d4-a3a1-c17a01e7746a,15:11:30.763577649
hh,dc86c339-1bf0-44b7-bca2-3c01e8a67592,08:51:29.220851
jj,143c2219-b802-4d06-a375-4c2d456d978b,08:51:49.338946
h,7a4b600b-e63a-4e4e-b0ff-70001f2a4400,17:37:14.048057
ad,cb9ed23b-9a1f-42cd-95b9-6a1e58a0a073,17:37:15.215112
asgl,30ee0227-ae64-4b16-a073-97a472e5566e,12:21:22.944830357
asghv,821ff1e9-5971-4d27-84a3-21a82b36cd9e,12:21:24.502093786
